"","Amino.Acid","Code1","Code3","Mono","Avg","C","H","N","O","S","Qval","pK.cTerm","pK.nTerm","pK.side"
"1","Glycine","G","Gly",57.021464,57.05,2,3,1,1,0,0,2.35,9.78,NA
"2","Alanine","A","Ala",71.037114,71.08,3,5,1,1,0,730,2.35,9.87,NA
"3","Serine","S","Ser",87.032029,87.08,3,5,1,2,0,40,2.21,9.15,NA
"4","Proline","P","Pro",97.052764,97.12,5,7,1,1,0,2620,2,10.6,NA
"5","Valine","V","Val",99.068414,99.07,5,9,1,1,0,1690,2.29,9.72,NA
"6","Threonine","T","Thr",101.04768,101.1,4,7,1,2,0,440,2.09,9.1,NA
"7","Cysteine","C","Cys",103.00919,103.1,3,5,1,1,1,0,2.05,10.25,8
"8","Leucine","L","Leu",113.08406,113.2,6,11,1,1,0,2420,2.33,9.74,NA
"9","Isoleucine","I","Ile",113.08406,113.2,6,11,1,1,0,2970,2.32,9.76,NA
"10","Asparagine","N","Asn",114.04293,114.1,4,6,2,2,0,0,2.02,8.8,NA
"11","Aspartic Acid","D","Asp",115.02694,115.1,4,5,1,3,0,540,2.1,9.82,3.86
"12","Glutamine","Q","Gln",128.05858,128.1,5,8,2,2,0,0,2.17,9.13,NA
"13","Lysine","K","Lys",128.09496,128.2,6,12,2,1,0,1500,2.18,8.95,10.53
"14","Glutamic Acid","E","Glu",129.04259,129.1,5,7,1,3,0,550,2.1,9.47,4.07
"15","Methionine","M","Met",131.04048,131.2,5,9,1,1,1,1300,2.28,9.21,NA
"16","Histidine","H","His",137.05891,137.1,6,7,3,1,0,500,1.77,9.18,6.1
"17","Phenylalanine","F","Phe",147.06841,147.2,9,9,1,1,0,2650,2.58,9.24,NA
"18","Arginine","R","Arg",156.10111,156.2,6,12,4,1,0,730,2.01,9.04,12.48
"19","Tyrosine","Y","Tyr",163.06333,163.2,9,9,1,2,0,2870,2.2,9.11,10.07
"20","Tryptophan","W","Trp",186.07931,186.2,11,10,2,1,0,3000,2.38,9.39,NA
